iteration,icc,p_value,method,rejected
0,0.0,0.06255214435448528,naive,False
1,0.0,0.8699337693972272,naive,False
2,0.0,0.19871775885481935,naive,False
3,0.0,0.40108730216985977,naive,False
4,0.0,0.4394490401827189,naive,False
5,0.0,0.14236314994853078,naive,False
6,0.0,0.6493666396109397,naive,False
7,0.0,0.3153295923734374,naive,False
8,0.0,0.7144628586713386,naive,False
9,0.0,0.3132844913586292,naive,False
10,0.0,0.712965336222616,naive,False
11,0.0,0.23810413225897412,naive,False
12,0.0,0.9266353425350236,naive,False
13,0.0,0.5813316378690233,naive,False
14,0.0,0.694890141667153,naive,False
15,0.0,0.300240656965083,naive,False
16,0.0,0.17900550389868694,naive,False
17,0.0,0.5484128595000148,naive,False
18,0.0,0.4474374239923032,naive,False
19,0.0,0.587331117491087,naive,False
20,0.0,0.26340157891060895,naive,False
21,0.0,0.5168470383780221,naive,False
22,0.0,0.8061429662312244,naive,False
23,0.0,0.1955788558898278,naive,False
24,0.0,0.4967755867653676,naive,False
25,0.0,0.36943284652887576,naive,False
26,0.0,0.8206395610801681,naive,False
27,0.0,0.39116647221177103,naive,False
28,0.0,0.39651788688512707,naive,False
29,0.0,0.9269619902966398,naive,False
30,0.0,0.6711917144994674,naive,False
31,0.0,0.028791220472078622,naive,True
32,0.0,0.5433181030350195,naive,False
33,0.0,0.5869232866984027,naive,False
34,0.0,0.2666195884284636,naive,False
35,0.0,0.8811390183453852,naive,False
36,0.0,0.40114853116372984,naive,False
37,0.0,0.2345292498848232,naive,False
38,0.0,0.3079115121711439,naive,False
39,0.0,0.6220302625498508,naive,False
40,0.0,0.8171039326432057,naive,False
41,0.0,0.2486030442191734,naive,False
42,0.0,0.6576178835048835,naive,False
43,0.0,0.665306949497795,naive,False
44,0.0,0.3161937409344899,naive,False
45,0.0,0.6036775340285392,naive,False
46,0.0,0.36794561193167163,naive,False
47,0.0,0.9634732079013913,naive,False
48,0.0,0.5564307269940187,naive,False
49,0.0,0.056797821867784155,naive,False
50,0.0,0.1881868257050216,naive,False
51,0.0,0.5894036164770758,naive,False
52,0.0,0.3299316523152116,naive,False
53,0.0,0.6609925816097575,naive,False
54,0.0,0.0035931315472717278,naive,True
55,0.0,0.4120928211170891,naive,False
56,0.0,0.26557210259530567,naive,False
57,0.0,0.3117684981243333,naive,False
58,0.0,0.4099386487679111,naive,False
59,0.0,0.7273908697143864,naive,False
60,0.0,0.45070454470252724,naive,False
61,0.0,0.4843888795429761,naive,False
62,0.0,0.6649549428552356,naive,False
63,0.0,0.6439349350815766,naive,False
64,0.0,0.9437266945473434,naive,False
65,0.0,0.132915634459726,naive,False
66,0.0,0.7429129424350683,naive,False
67,0.0,0.21909606877333834,naive,False
68,0.0,0.5621727993591383,naive,False
69,0.0,0.8465084961480135,naive,False
70,0.0,0.1464291575469061,naive,False
71,0.0,0.739975545758785,naive,False
72,0.0,0.5181691808163383,naive,False
73,0.0,0.8045835730156707,naive,False
74,0.0,0.7754364040129583,naive,False
75,0.0,0.01616857195448756,naive,True
76,0.0,0.5726750441809862,naive,False
77,0.0,0.5948274936205971,naive,False
78,0.0,0.585650235950907,naive,False
79,0.0,0.46426452252925937,naive,False
80,0.0,0.6604316900456606,naive,False
81,0.0,0.45135845056249385,naive,False
82,0.0,0.7744144600328601,naive,False
83,0.0,0.5016935452409038,naive,False
84,0.0,0.4948797075584528,naive,False
85,0.0,0.4002508554994688,naive,False
86,0.0,0.7245517194278186,naive,False
87,0.0,0.32719462927487014,naive,False
88,0.0,0.4233747553699376,naive,False
89,0.0,0.522388419301377,naive,False
90,0.0,0.9407160006408437,naive,False
91,0.0,0.28988114237901647,naive,False
92,0.0,0.7290859899697096,naive,False
93,0.0,0.7051873844562152,naive,False
94,0.0,0.3445460488841678,naive,False
95,0.0,0.9637731372170015,naive,False
96,0.0,0.795152083732655,naive,False
97,0.0,0.3241249226170282,naive,False
98,0.0,0.20143720203899365,naive,False
99,0.0,0.11220929083874061,naive,False
0,0.0,0.08782435129740519,block_permutation,False
1,0.0,0.8882235528942116,block_permutation,False
2,0.0,0.22355289421157684,block_permutation,False
3,0.0,1.0,block_permutation,False
4,0.0,1.0,block_permutation,False
5,0.0,0.1656686626746507,block_permutation,False
6,0.0,0.6467065868263473,block_permutation,False
7,0.0,1.0,block_permutation,False
8,0.0,1.0,block_permutation,False
9,0.0,0.31137724550898205,block_permutation,False
10,0.0,0.6906187624750499,block_permutation,False
11,0.0,1.0,block_permutation,False
12,0.0,1.0,block_permutation,False
13,0.0,0.6227544910179641,block_permutation,False
14,0.0,0.7025948103792415,block_permutation,False
15,0.0,1.0,block_permutation,False
16,0.0,1.0,block_permutation,False
17,0.0,0.5568862275449101,block_permutation,False
18,0.0,1.0,block_permutation,False
19,0.0,0.6227544910179641,block_permutation,False
20,0.0,1.0,block_permutation,False
21,0.0,0.5269461077844312,block_permutation,False
22,0.0,0.8323353293413174,block_permutation,False
23,0.0,1.0,block_permutation,False
24,0.0,1.0,block_permutation,False
25,0.0,1.0,block_permutation,False
26,0.0,1.0,block_permutation,False
27,0.0,0.36327345309381237,block_permutation,False
28,0.0,1.0,block_permutation,False
29,0.0,1.0,block_permutation,False
30,0.0,0.6806387225548902,block_permutation,False
31,0.0,1.0,block_permutation,False
32,0.0,0.5489021956087824,block_permutation,False
33,0.0,0.5788423153692615,block_permutation,False
34,0.0,0.25748502994011974,block_permutation,False
35,0.0,1.0,block_permutation,False
36,0.0,0.3872255489021956,block_permutation,False
37,0.0,0.2275449101796407,block_permutation,False
38,0.0,1.0,block_permutation,False
39,0.0,1.0,block_permutation,False
40,0.0,0.7944111776447106,block_permutation,False
41,0.0,0.20159680638722555,block_permutation,False
42,0.0,1.0,block_permutation,False
43,0.0,1.0,block_permutation,False
44,0.0,1.0,block_permutation,False
45,0.0,1.0,block_permutation,False
46,0.0,1.0,block_permutation,False
47,0.0,1.0,block_permutation,False
48,0.0,1.0,block_permutation,False
49,0.0,1.0,block_permutation,False
50,0.0,1.0,block_permutation,False
51,0.0,1.0,block_permutation,False
52,0.0,1.0,block_permutation,False
53,0.0,1.0,block_permutation,False
54,0.0,0.011976047904191617,block_permutation,True
55,0.0,1.0,block_permutation,False
56,0.0,1.0,block_permutation,False
57,0.0,0.36926147704590817,block_permutation,False
58,0.0,0.4251497005988024,block_permutation,False
59,0.0,1.0,block_permutation,False
60,0.0,1.0,block_permutation,False
61,0.0,1.0,block_permutation,False
62,0.0,1.0,block_permutation,False
63,0.0,1.0,block_permutation,False
64,0.0,0.9461077844311377,block_permutation,False
65,0.0,0.10578842315369262,block_permutation,False
66,0.0,1.0,block_permutation,False
67,0.0,0.2754491017964072,block_permutation,False
68,0.0,0.5349301397205589,block_permutation,False
69,0.0,0.844311377245509,block_permutation,False
70,0.0,0.1536926147704591,block_permutation,False
71,0.0,0.7704590818363274,block_permutation,False
72,0.0,0.5449101796407185,block_permutation,False
73,0.0,0.8223552894211577,block_permutation,False
74,0.0,1.0,block_permutation,False
75,0.0,1.0,block_permutation,False
76,0.0,1.0,block_permutation,False
77,0.0,0.590818363273453,block_permutation,False
78,0.0,1.0,block_permutation,False
79,0.0,1.0,block_permutation,False
80,0.0,0.6746506986027944,block_permutation,False
81,0.0,0.43313373253493015,block_permutation,False
82,0.0,0.8063872255489022,block_permutation,False
83,0.0,0.5329341317365269,block_permutation,False
84,0.0,1.0,block_permutation,False
85,0.0,0.3912175648702595,block_permutation,False
86,0.0,0.7305389221556886,block_permutation,False
87,0.0,0.34930139720558884,block_permutation,False
88,0.0,1.0,block_permutation,False
89,0.0,1.0,block_permutation,False
90,0.0,0.9421157684630739,block_permutation,False
91,0.0,1.0,block_permutation,False
92,0.0,0.7065868263473054,block_permutation,False
93,0.0,0.7065868263473054,block_permutation,False
94,0.0,1.0,block_permutation,False
95,0.0,0.9441117764471058,block_permutation,False
96,0.0,1.0,block_permutation,False
97,0.0,0.3013972055888224,block_permutation,False
98,0.0,0.20359281437125748,block_permutation,False
99,0.0,1.0,block_permutation,False
0,0.1,0.9746375252783047,naive,False
1,0.1,0.2114516921029772,naive,False
2,0.1,0.19605534554471718,naive,False
3,0.1,0.3637490416853008,naive,False
4,0.1,0.7458025581521848,naive,False
5,0.1,0.08865590969864988,naive,False
6,0.1,0.1631178811625904,naive,False
7,0.1,0.0233296741205952,naive,True
8,0.1,0.23281166525299032,naive,False
9,0.1,0.05836830379575729,naive,False
10,0.1,0.6543849339633453,naive,False
11,0.1,0.023017218261969424,naive,True
12,0.1,0.9145011468367487,naive,False
13,0.1,0.14773470951001194,naive,False
14,0.1,0.9010804648737221,naive,False
15,0.1,0.27190486179700873,naive,False
16,0.1,0.5194291764057666,naive,False
17,0.1,0.04609854245031509,naive,True
18,0.1,0.047807144001939195,naive,True
19,0.1,0.5490825155799777,naive,False
20,0.1,0.0808766513108383,naive,False
21,0.1,0.7067734051335455,naive,False
22,0.1,7.492424155801097e-10,naive,True
23,0.1,0.40337613947746526,naive,False
24,0.1,0.6193130484371634,naive,False
25,0.1,0.0257106533467556,naive,True
26,0.1,0.7892579394827494,naive,False
27,0.1,0.3540758825776545,naive,False
28,0.1,0.26428738369130633,naive,False
29,0.1,0.3666921272437543,naive,False
30,0.1,0.7023129064606709,naive,False
31,0.1,0.9181289629213429,naive,False
32,0.1,0.44679842846230144,naive,False
33,0.1,0.36358826142095163,naive,False
34,0.1,0.9420047571629987,naive,False
35,0.1,0.518890572527765,naive,False
36,0.1,0.14312674825647068,naive,False
37,0.1,0.12492346609249388,naive,False
38,0.1,0.03992262588881389,naive,True
39,0.1,0.27650779162566713,naive,False
40,0.1,0.10235042454516931,naive,False
41,0.1,0.34047527383994036,naive,False
42,0.1,0.31708543453449045,naive,False
43,0.1,0.948730363569597,naive,False
44,0.1,0.39666533386447,naive,False
45,0.1,0.7425300850201568,naive,False
46,0.1,0.872044973256294,naive,False
47,0.1,0.027789680221931453,naive,True
48,0.1,0.997943937956609,naive,False
49,0.1,0.9028324102261084,naive,False
50,0.1,0.7073281520023934,naive,False
51,0.1,0.9448433615734828,naive,False
52,0.1,0.8942639561515134,naive,False
53,0.1,0.20916387917863266,naive,False
54,0.1,0.1516519578180653,naive,False
55,0.1,0.630622432487166,naive,False
56,0.1,0.914511484213482,naive,False
57,0.1,0.03933933571991386,naive,True
58,0.1,0.15191549928112194,naive,False
59,0.1,0.3574947372671372,naive,False
60,0.1,0.3723643260121005,naive,False
61,0.1,0.623836841161904,naive,False
62,0.1,0.9744676794448657,naive,False
63,0.1,0.7361129806526313,naive,False
64,0.1,0.19785851090119436,naive,False
65,0.1,0.0007870599126618066,naive,True
66,0.1,0.007330837781883864,naive,True
67,0.1,0.043091503131450326,naive,True
68,0.1,0.3194607450423372,naive,False
69,0.1,0.05006771504068699,naive,False
70,0.1,0.07291748675609236,naive,False
71,0.1,0.37184644722512694,naive,False
72,0.1,0.6287686733612635,naive,False
73,0.1,0.5189695885873553,naive,False
74,0.1,0.8314428136132369,naive,False
75,0.1,0.15107660615237434,naive,False
76,0.1,0.16493019209485027,naive,False
77,0.1,0.4551847445754731,naive,False
78,0.1,0.6897664204361199,naive,False
79,0.1,0.017548614849422092,naive,True
80,0.1,0.09917106614571865,naive,False
81,0.1,0.39136704829355734,naive,False
82,0.1,0.010223592445553873,naive,True
83,0.1,0.00014150870096251559,naive,True
84,0.1,0.0003454426118990135,naive,True
85,0.1,0.0465137050566859,naive,True
86,0.1,0.08917004194672969,naive,False
87,0.1,0.01807510830581321,naive,True
88,0.1,0.2855726733727986,naive,False
89,0.1,0.4421659039418163,naive,False
90,0.1,0.49102377806670033,naive,False
91,0.1,0.011495832721162665,naive,True
92,0.1,0.006112726654844768,naive,True
93,0.1,0.038376109624546885,naive,True
94,0.1,0.22424346937047496,naive,False
95,0.1,0.00563453559761087,naive,True
96,0.1,0.33717042209647513,naive,False
97,0.1,0.2998223527174973,naive,False
98,0.1,0.5937414950225552,naive,False
99,0.1,0.41315823928639134,naive,False
0,0.1,1.0,block_permutation,False
1,0.1,0.4171656686626746,block_permutation,False
2,0.1,0.3712574850299401,block_permutation,False
3,0.1,1.0,block_permutation,False
4,0.1,0.8223552894211577,block_permutation,False
5,0.1,0.20958083832335328,block_permutation,False
6,0.1,1.0,block_permutation,False
7,0.1,0.12375249500998003,block_permutation,False
8,0.1,0.37524950099800397,block_permutation,False
9,0.1,1.0,block_permutation,False
10,0.1,0.7065868263473054,block_permutation,False
11,0.1,1.0,block_permutation,False
12,0.1,0.9321357285429142,block_permutation,False
13,0.1,0.3193612774451098,block_permutation,False
14,0.1,1.0,block_permutation,False
15,0.1,0.42714570858283435,block_permutation,False
16,0.1,0.6786427145708582,block_permutation,False
17,0.1,0.12574850299401197,block_permutation,False
18,0.1,0.1656686626746507,block_permutation,False
19,0.1,1.0,block_permutation,False
20,0.1,0.15169660678642716,block_permutation,False
21,0.1,1.0,block_permutation,False
22,0.1,1.0,block_permutation,False
23,0.1,0.5129740518962076,block_permutation,False
24,0.1,1.0,block_permutation,False
25,0.1,1.0,block_permutation,False
26,0.1,0.8762475049900199,block_permutation,False
27,0.1,0.5449101796407185,block_permutation,False
28,0.1,1.0,block_permutation,False
29,0.1,1.0,block_permutation,False
30,0.1,0.7684630738522954,block_permutation,False
31,0.1,0.9441117764471058,block_permutation,False
32,0.1,0.5269461077844312,block_permutation,False
33,0.1,0.5209580838323353,block_permutation,False
34,0.1,1.0,block_permutation,False
35,0.1,0.6866267465069861,block_permutation,False
36,0.1,1.0,block_permutation,False
37,0.1,0.2714570858283433,block_permutation,False
38,0.1,1.0,block_permutation,False
39,0.1,1.0,block_permutation,False
40,0.1,0.16966067864271456,block_permutation,False
41,0.1,1.0,block_permutation,False
42,0.1,1.0,block_permutation,False
43,0.1,1.0,block_permutation,False
44,0.1,0.47904191616766467,block_permutation,False
45,0.1,0.8323353293413174,block_permutation,False
46,0.1,0.906187624750499,block_permutation,False
47,0.1,0.10379241516966067,block_permutation,False
48,0.1,1.0,block_permutation,False
49,0.1,0.9301397205588823,block_permutation,False
50,0.1,1.0,block_permutation,False
51,0.1,1.0,block_permutation,False
52,0.1,1.0,block_permutation,False
53,0.1,1.0,block_permutation,False
54,0.1,1.0,block_permutation,False
55,0.1,1.0,block_permutation,False
56,0.1,0.9441117764471058,block_permutation,False
57,0.1,0.10978043912175649,block_permutation,False
58,0.1,1.0,block_permutation,False
59,0.1,0.499001996007984,block_permutation,False
60,0.1,0.5828343313373253,block_permutation,False
61,0.1,1.0,block_permutation,False
62,0.1,1.0,block_permutation,False
63,0.1,1.0,block_permutation,False
64,0.1,0.43912175648702595,block_permutation,False
65,0.1,0.003992015968063872,block_permutation,True
66,0.1,0.033932135728542916,block_permutation,True
67,0.1,1.0,block_permutation,False
68,0.1,1.0,block_permutation,False
69,0.1,0.1596806387225549,block_permutation,False
70,0.1,0.12375249500998003,block_permutation,False
71,0.1,1.0,block_permutation,False
72,0.1,0.7365269461077845,block_permutation,False
73,0.1,1.0,block_permutation,False
74,0.1,0.872255489021956,block_permutation,False
75,0.1,1.0,block_permutation,False
76,0.1,1.0,block_permutation,False
77,0.1,1.0,block_permutation,False
78,0.1,1.0,block_permutation,False
79,0.1,1.0,block_permutation,False
80,0.1,0.25748502994011974,block_permutation,False
81,0.1,0.5029940119760479,block_permutation,False
82,0.1,1.0,block_permutation,False
83,0.1,1.0,block_permutation,False
84,0.1,0.015968063872255488,block_permutation,True
85,0.1,1.0,block_permutation,False
86,0.1,1.0,block_permutation,False
87,0.1,1.0,block_permutation,False
88,0.1,1.0,block_permutation,False
89,0.1,1.0,block_permutation,False
90,0.1,1.0,block_permutation,False
91,0.1,0.06786427145708583,block_permutation,False
92,0.1,0.05189620758483034,block_permutation,False
93,0.1,0.1277445109780439,block_permutation,False
94,0.1,1.0,block_permutation,False
95,0.1,1.0,block_permutation,False
96,0.1,1.0,block_permutation,False
97,0.1,0.40119760479041916,block_permutation,False
98,0.1,1.0,block_permutation,False
99,0.1,1.0,block_permutation,False
0,0.2,0.6656760109210628,naive,False
1,0.2,0.0702531351287325,naive,False
2,0.2,0.10375977057702031,naive,False
3,0.2,0.06766386667103351,naive,False
4,0.2,0.5754798540013337,naive,False
5,0.2,0.03610564540834776,naive,True
6,0.2,0.0995731974967123,naive,False
7,0.2,0.007275816952165477,naive,True
8,0.2,0.13297845753385107,naive,False
9,0.2,0.04702727039407629,naive,True
10,0.2,0.8925544717861982,naive,False
11,0.2,0.015404971080922545,naive,True
12,0.2,0.8337364798658324,naive,False
13,0.2,0.07950157812129462,naive,False
14,0.2,0.8460102570244806,naive,False
15,0.2,0.3519547537031276,naive,False
16,0.2,0.37078954535001535,naive,False
17,0.2,0.008109642827478534,naive,True
18,0.2,0.007055018344601955,naive,True
19,0.2,0.4152410658030061,naive,False
20,0.2,0.037863770823395024,naive,True
21,0.2,0.35761639429565256,naive,False
22,0.2,3.011838892751314e-12,naive,True
23,0.2,0.39476459848606144,naive,False
24,0.2,0.6327366592810414,naive,False
25,0.2,0.013710093407044257,naive,True
26,0.2,0.799222066474422,naive,False
27,0.2,0.2792969614479545,naive,False
28,0.2,0.21284077894779535,naive,False
29,0.2,0.2676771367485207,naive,False
30,0.2,0.9131016500590222,naive,False
31,0.2,0.7689377442701893,naive,False
32,0.2,0.4770063256659067,naive,False
33,0.2,0.2917863333585574,naive,False
34,0.2,0.8172536142521978,naive,False
35,0.2,0.5423602653275679,naive,False
36,0.2,0.10201154730953906,naive,False
37,0.2,0.08038952774097036,naive,False
38,0.2,0.06225071899269891,naive,False
39,0.2,0.2614954566097504,naive,False
40,0.2,0.037892426084893426,naive,True
41,0.2,0.18774761999072717,naive,False
42,0.2,0.05157279013818789,naive,False
43,0.2,0.49322965191743745,naive,False
44,0.2,0.24999340371207016,naive,False
45,0.2,0.8714003522988342,naive,False
46,0.2,0.6165149749224802,naive,False
47,0.2,0.006604409015775635,naive,True
48,0.2,0.9938958498721221,naive,False
49,0.2,0.7100826527873121,naive,False
50,0.2,0.5515357212995784,naive,False
51,0.2,0.6582567659138118,naive,False
52,0.2,0.8443310596866747,naive,False
53,0.2,0.11504969509609533,naive,False
54,0.2,0.0698342851624009,naive,False
55,0.2,0.9121086340391109,naive,False
56,0.2,0.8939540543269333,naive,False
57,0.2,0.009733954486642235,naive,True
58,0.2,0.09732295476967595,naive,False
59,0.2,0.31037200442672347,naive,False
60,0.2,0.3892094976524248,naive,False
61,0.2,0.48409643298506305,naive,False
62,0.2,0.990054472350438,naive,False
63,0.2,0.8491420704495977,naive,False
64,0.2,0.13726873375137527,naive,False
65,0.2,6.758710001391791e-05,naive,True
66,0.2,0.0010450995306843921,naive,True
67,0.2,0.014043681659924345,naive,True
68,0.2,0.16623053470653337,naive,False
69,0.2,0.05691952361661481,naive,False
70,0.2,0.08757565689261856,naive,False
71,0.2,0.24882161935196703,naive,False
72,0.2,0.575695743965489,naive,False
73,0.2,0.31182919675051834,naive,False
74,0.2,0.9223059384805955,naive,False
75,0.2,0.01915883003586581,naive,True
76,0.2,0.05029065020935364,naive,False
77,0.2,0.33379068681984775,naive,False
78,0.2,0.5858703475522468,naive,False
79,0.2,0.004342440969081659,naive,True
80,0.2,0.1330835792051214,naive,False
81,0.2,0.09856597548603004,naive,False
82,0.2,0.0026765612590406575,naive,True
83,0.2,1.6967310008032244e-06,naive,True
84,0.2,2.2592166164091428e-06,naive,True
85,0.2,0.014033232602566174,naive,True
86,0.2,0.062168334894603945,naive,False
87,0.2,0.004422233757170659,naive,True
88,0.2,0.2999324554057655,naive,False
89,0.2,0.23468733062104977,naive,False
90,0.2,0.4039298172047654,naive,False
91,0.2,0.0035428354652841674,naive,True
92,0.2,0.0043771006108658354,naive,True
93,0.2,0.003730798419828504,naive,True
94,0.2,0.16382339669921878,naive,False
95,0.2,0.003963717063140209,naive,True
96,0.2,0.08440544312708607,naive,False
97,0.2,0.1702258197860476,naive,False
98,0.2,0.31442825101667554,naive,False
99,0.2,0.14889620684390012,naive,False
0,0.2,1.0,block_permutation,False
1,0.2,0.3213572854291417,block_permutation,False
2,0.2,0.34331337325349304,block_permutation,False
3,0.2,1.0,block_permutation,False
4,0.2,0.7445109780439122,block_permutation,False
5,0.2,0.21357285429141717,block_permutation,False
6,0.2,1.0,block_permutation,False
7,0.2,0.12574850299401197,block_permutation,False
8,0.2,0.37924151696606784,block_permutation,False
9,0.2,1.0,block_permutation,False
10,0.2,0.9201596806387226,block_permutation,False
11,0.2,1.0,block_permutation,False
12,0.2,0.9181636726546906,block_permutation,False
13,0.2,0.32335329341317365,block_permutation,False
14,0.2,1.0,block_permutation,False
15,0.2,0.6027944111776448,block_permutation,False
16,0.2,0.6506986027944112,block_permutation,False
17,0.2,0.11377245508982035,block_permutation,False
18,0.2,0.12375249500998003,block_permutation,False
19,0.2,1.0,block_permutation,False
20,0.2,0.15169660678642716,block_permutation,False
21,0.2,1.0,block_permutation,False
22,0.2,1.0,block_permutation,False
23,0.2,0.592814371257485,block_permutation,False
24,0.2,1.0,block_permutation,False
25,0.2,1.0,block_permutation,False
26,0.2,0.8842315369261478,block_permutation,False
27,0.2,0.5808383233532934,block_permutation,False
28,0.2,1.0,block_permutation,False
29,0.2,1.0,block_permutation,False
30,0.2,0.9580838323353293,block_permutation,False
31,0.2,0.8702594810379242,block_permutation,False
32,0.2,0.6307385229540918,block_permutation,False
33,0.2,0.5449101796407185,block_permutation,False
34,0.2,1.0,block_permutation,False
35,0.2,0.7405189620758483,block_permutation,False
36,0.2,1.0,block_permutation,False
37,0.2,0.30538922155688625,block_permutation,False
38,0.2,1.0,block_permutation,False
39,0.2,1.0,block_permutation,False
40,0.2,0.1437125748502994,block_permutation,False
41,0.2,1.0,block_permutation,False
42,0.2,1.0,block_permutation,False
43,0.2,1.0,block_permutation,False
44,0.2,0.4351297405189621,block_permutation,False
45,0.2,0.9401197604790419,block_permutation,False
46,0.2,0.7385229540918163,block_permutation,False
47,0.2,0.08582834331337326,block_permutation,False
48,0.2,0.9940119760479041,block_permutation,False
49,0.2,0.8163672654690619,block_permutation,False
50,0.2,1.0,block_permutation,False
51,0.2,1.0,block_permutation,False
52,0.2,1.0,block_permutation,False
53,0.2,1.0,block_permutation,False
54,0.2,1.0,block_permutation,False
55,0.2,1.0,block_permutation,False
56,0.2,0.9321357285429142,block_permutation,False
57,0.2,0.10778443113772455,block_permutation,False
58,0.2,1.0,block_permutation,False
59,0.2,0.5249500998003992,block_permutation,False
60,0.2,0.6427145708582834,block_permutation,False
61,0.2,1.0,block_permutation,False
62,0.2,1.0,block_permutation,False
63,0.2,1.0,block_permutation,False
64,0.2,0.4311377245508982,block_permutation,False
65,0.2,0.005988023952095809,block_permutation,True
66,0.2,0.031936127744510975,block_permutation,True
67,0.2,1.0,block_permutation,False
68,0.2,1.0,block_permutation,False
69,0.2,0.25748502994011974,block_permutation,False
70,0.2,0.1996007984031936,block_permutation,False
71,0.2,1.0,block_permutation,False
72,0.2,0.7524950099800399,block_permutation,False
73,0.2,1.0,block_permutation,False
74,0.2,0.9481037924151696,block_permutation,False
75,0.2,1.0,block_permutation,False
76,0.2,1.0,block_permutation,False
77,0.2,1.0,block_permutation,False
78,0.2,1.0,block_permutation,False
79,0.2,1.0,block_permutation,False
80,0.2,0.3852295409181637,block_permutation,False
81,0.2,0.3652694610778443,block_permutation,False
82,0.2,1.0,block_permutation,False
83,0.2,1.0,block_permutation,False
84,0.2,0.00998003992015968,block_permutation,True
85,0.2,1.0,block_permutation,False
86,0.2,1.0,block_permutation,False
87,0.2,1.0,block_permutation,False
88,0.2,1.0,block_permutation,False
89,0.2,1.0,block_permutation,False
90,0.2,1.0,block_permutation,False
91,0.2,0.10179640718562874,block_permutation,False
92,0.2,0.09580838323353294,block_permutation,False
93,0.2,0.07385229540918163,block_permutation,False
94,0.2,1.0,block_permutation,False
95,0.2,1.0,block_permutation,False
96,0.2,1.0,block_permutation,False
97,0.2,0.36726546906187624,block_permutation,False
98,0.2,1.0,block_permutation,False
99,0.2,1.0,block_permutation,False
0,0.3,0.41758098848720465,naive,False
1,0.3,0.02486662510545084,naive,True
2,0.3,0.06067176975008793,naive,False
3,0.3,0.01006528733513667,naive,True
4,0.3,0.4537130470202448,naive,False
5,0.3,0.017362580896251815,naive,True
6,0.3,0.06686581526949173,naive,False
7,0.3,0.00281883740779182,naive,True
8,0.3,0.08390488953067177,naive,False
9,0.3,0.042176285986491494,naive,True
10,0.3,0.9012358506755149,naive,False
11,0.3,0.012087520762146321,naive,True
12,0.3,0.770490764096215,naive,False
13,0.3,0.048499591783463664,naive,True
14,0.3,0.8044957102039959,naive,False
15,0.3,0.4345796158465674,naive,False
16,0.3,0.2766880450625544,naive,False
17,0.3,0.0017352096644729237,naive,True
18,0.3,0.0012198485494858795,naive,True
19,0.3,0.3273054081123264,naive,False
20,0.3,0.020350871966214167,naive,True
21,0.3,0.17924978999422067,naive,False
22,0.3,5.100495011634772e-14,naive,True
23,0.3,0.3934833438330926,naive,False
24,0.3,0.648743867197277,naive,False
25,0.3,0.008603008974677829,naive,True
26,0.3,0.8105513578272949,naive,False
27,0.3,0.23470275911023913,naive,False
28,0.3,0.18340033192686883,naive,False
29,0.3,0.20486250799636535,naive,False
30,0.3,0.6118449454419733,naive,False
31,0.3,0.6555446163608709,naive,False
32,0.3,0.5101071354019175,naive,False
33,0.3,0.24866034733111275,naive,False
34,0.3,0.6252907423530628,naive,False
35,0.3,0.5673080201499012,naive,False
36,0.3,0.07942353473284333,naive,False
37,0.3,0.058120085885057925,naive,False
38,0.3,0.09227233985527859,naive,False
39,0.3,0.2565242979113011,naive,False
40,0.3,0.015546893435905151,naive,True
41,0.3,0.10920425271549775,naive,False
42,0.3,0.0073415766219154235,naive,True
43,0.3,0.23692291052191172,naive,False
44,0.3,0.16687079139605365,naive,False
45,0.3,0.5743822071595017,naive,False
46,0.3,0.29259177074938064,naive,False
47,0.3,0.0018965228921221813,naive,True
48,0.3,0.9871699863883058,naive,False
49,0.3,0.5704671448427705,naive,False
50,0.3,0.4429453088300914,naive,False
51,0.3,0.45988998272807713,naive,False
52,0.3,0.8055607370244543,naive,False
53,0.3,0.06825095457327528,naive,False
54,0.3,0.035400816974388793,naive,True
55,0.3,0.8404063612900279,naive,False
56,0.3,0.8786089861276017,naive,False
57,0.3,0.0028884084893729604,naive,True
58,0.3,0.06854006203417451,naive,False
59,0.3,0.281702752889398,naive,False
60,0.3,0.4104042491545008,naive,False
61,0.3,0.3899504392266332,naive,False
62,0.3,0.9967335708482001,naive,False
63,0.3,0.5473190980981427,naive,False
64,0.3,0.10359453636528358,naive,False
65,0.3,8.729634267900058e-06,naive,True
66,0.3,0.0001895374520863215,naive,True
67,0.3,0.005169168113434533,naive,True
68,0.3,0.09284857117630023,naive,False
69,0.3,0.0669922594580306,naive,False
70,0.3,0.10622670965341945,naive,False
71,0.3,0.17543150696406315,naive,False
72,0.3,0.5403514082085898,naive,False
73,0.3,0.19629297949456087,naive,False
74,0.3,0.999255594851496,naive,False
75,0.3,0.0022278006844760833,naive,True
76,0.3,0.01623227614041775,naive,True
77,0.3,0.2577633875408002,naive,False
78,0.3,0.5109921019601429,naive,False
79,0.3,0.0014227332508252217,naive,True
80,0.3,0.17378292374797272,naive,False
81,0.3,0.023972978946035284,naive,True
82,0.3,0.0009066012144387447,naive,True
83,0.3,3.48460947833358e-08,naive,True
84,0.3,2.4162581231745724e-08,naive,True
85,0.3,0.004990092740861608,naive,True
86,0.3,0.048177494937352294,naive,True
87,0.3,0.0013303568303933916,naive,True
88,0.3,0.3199111608463255,naive,False
89,0.3,0.13054232789224335,naive,False
90,0.3,0.3432156613838615,naive,False
91,0.3,0.0014316078156440303,naive,True
92,0.3,0.003797105986718666,naive,True
93,0.3,0.0003686311975527724,naive,True
94,0.3,0.12924556173924787,naive,False
95,0.3,0.003389324457409718,naive,True
96,0.3,0.020156876611898626,naive,True
97,0.3,0.10310920994011001,naive,False
98,0.3,0.16873784896484367,naive,False
99,0.3,0.05483236042567959,naive,False
0,0.3,1.0,block_permutation,False
1,0.3,0.2634730538922156,block_permutation,False
2,0.3,0.3592814371257485,block_permutation,False
3,0.3,1.0,block_permutation,False
4,0.3,0.6906187624750499,block_permutation,False
5,0.3,0.21157684630738524,block_permutation,False
6,0.3,1.0,block_permutation,False
7,0.3,0.14770459081836326,block_permutation,False
8,0.3,0.40718562874251496,block_permutation,False
9,0.3,1.0,block_permutation,False
10,0.3,0.9421157684630739,block_permutation,False
11,0.3,1.0,block_permutation,False
12,0.3,0.9041916167664671,block_permutation,False
13,0.3,0.3413173652694611,block_permutation,False
14,0.3,1.0,block_permutation,False
15,0.3,0.7025948103792415,block_permutation,False
16,0.3,0.6327345309381237,block_permutation,False
17,0.3,0.11776447105788423,block_permutation,False
18,0.3,0.11377245508982035,block_permutation,False
19,0.3,1.0,block_permutation,False
20,0.3,0.18163672654690619,block_permutation,False
21,0.3,1.0,block_permutation,False
22,0.3,1.0,block_permutation,False
23,0.3,0.6307385229540918,block_permutation,False
24,0.3,1.0,block_permutation,False
25,0.3,1.0,block_permutation,False
26,0.3,0.9121756487025948,block_permutation,False
27,0.3,0.5848303393213573,block_permutation,False
28,0.3,1.0,block_permutation,False
29,0.3,1.0,block_permutation,False
30,0.3,0.7844311377245509,block_permutation,False
31,0.3,0.7944111776447106,block_permutation,False
32,0.3,0.6986027944111777,block_permutation,False
33,0.3,0.5768463073852296,block_permutation,False
34,0.3,1.0,block_permutation,False
35,0.3,0.7684630738522954,block_permutation,False
36,0.3,1.0,block_permutation,False
37,0.3,0.3273453093812375,block_permutation,False
38,0.3,1.0,block_permutation,False
39,0.3,1.0,block_permutation,False
40,0.3,0.1497005988023952,block_permutation,False
41,0.3,1.0,block_permutation,False
42,0.3,1.0,block_permutation,False
43,0.3,1.0,block_permutation,False
44,0.3,0.4171656686626746,block_permutation,False
45,0.3,0.8023952095808383,block_permutation,False
46,0.3,0.5548902195608783,block_permutation,False
47,0.3,0.09580838323353294,block_permutation,False
48,0.3,0.9880239520958084,block_permutation,False
49,0.3,0.7664670658682635,block_permutation,False
50,0.3,1.0,block_permutation,False
51,0.3,1.0,block_permutation,False
52,0.3,1.0,block_permutation,False
53,0.3,1.0,block_permutation,False
54,0.3,1.0,block_permutation,False
55,0.3,1.0,block_permutation,False
56,0.3,0.9421157684630739,block_permutation,False
57,0.3,0.11177644710578842,block_permutation,False
58,0.3,1.0,block_permutation,False
59,0.3,0.5568862275449101,block_permutation,False
60,0.3,0.6946107784431138,block_permutation,False
61,0.3,1.0,block_permutation,False
62,0.3,1.0,block_permutation,False
63,0.3,1.0,block_permutation,False
64,0.3,0.43313373253493015,block_permutation,False
65,0.3,0.015968063872255488,block_permutation,True
66,0.3,0.03992015968063872,block_permutation,True
67,0.3,1.0,block_permutation,False
68,0.3,1.0,block_permutation,False
69,0.3,0.34530938123752497,block_permutation,False
70,0.3,0.27944111776447106,block_permutation,False
71,0.3,1.0,block_permutation,False
72,0.3,0.7764471057884231,block_permutation,False
73,0.3,1.0,block_permutation,False
74,0.3,1.0,block_permutation,False
75,0.3,1.0,block_permutation,False
76,0.3,1.0,block_permutation,False
77,0.3,1.0,block_permutation,False
78,0.3,1.0,block_permutation,False
79,0.3,1.0,block_permutation,False
80,0.3,0.4930139720558882,block_permutation,False
81,0.3,0.2634730538922156,block_permutation,False
82,0.3,1.0,block_permutation,False
83,0.3,1.0,block_permutation,False
84,0.3,0.007984031936127744,block_permutation,True
85,0.3,1.0,block_permutation,False
86,0.3,1.0,block_permutation,False
87,0.3,1.0,block_permutation,False
88,0.3,1.0,block_permutation,False
89,0.3,1.0,block_permutation,False
90,0.3,1.0,block_permutation,False
91,0.3,0.10578842315369262,block_permutation,False
92,0.3,0.14570858283433133,block_permutation,False
93,0.3,0.06387225548902195,block_permutation,False
94,0.3,1.0,block_permutation,False
95,0.3,1.0,block_permutation,False
96,0.3,1.0,block_permutation,False
97,0.3,0.36327345309381237,block_permutation,False
98,0.3,1.0,block_permutation,False
99,0.3,1.0,block_permutation,False
0,0.4,0.24985225920695378,naive,False
1,0.4,0.008987267988370901,naive,True
2,0.4,0.03760225278917111,naive,True
3,0.4,0.0012097577521097726,naive,True
4,0.4,0.35940839603862423,naive,False
5,0.4,0.009243379849873272,naive,True
6,0.4,0.04745005131208097,naive,True
7,0.4,0.0012396166793556408,naive,True
8,0.4,0.056253522030095364,naive,False
9,0.4,0.040485866483083145,naive,True
10,0.4,0.7193698368975101,naive,False
11,0.4,0.01047253589911165,naive,True
12,0.4,0.7161239769498828,naive,False
13,0.4,0.03191070347330698,naive,True
14,0.4,0.7700991519028033,naive,False
15,0.4,0.5229754110018868,naive,False
16,0.4,0.2109801942834452,naive,False
17,0.4,0.00042424243893099146,naive,True
18,0.4,0.0002297202584258324,naive,True
19,0.4,0.26331088222424026,naive,False
20,0.4,0.011902255411850455,naive,True
21,0.4,0.08851129702004323,naive,False
22,0.4,2.1199425925515136e-15,naive,True
23,0.4,0.39718557531907667,naive,False
24,0.4,0.6669030813728073,naive,False
25,0.4,0.005958792108977716,naive,True
26,0.4,0.8231437784251964,naive,False
27,0.4,0.20470261136793527,naive,False
28,0.4,0.16477817312390797,naive,False
29,0.4,0.1604627837900866,naive,False
30,0.4,0.3885669218347623,naive,False
31,0.4,0.5625610959260015,naive,False
32,0.4,0.5472538533712299,naive,False
33,0.4,0.2197314124174566,naive,False
34,0.4,0.4670773052439527,naive,False
35,0.4,0.594477488778514,naive,False
36,0.4,0.0651727359113701,naive,False
37,0.4,0.04509234273624234,naive,True
38,0.4,0.13333505331709827,naive,False
39,0.4,0.2576987831315038,naive,False
40,0.4,0.006694553159605368,naive,True
41,0.4,0.06484472841641964,naive,False
42,0.4,0.0009486096738880636,naive,True
43,0.4,0.10560794823732629,naive,False
44,0.4,0.11478756127048591,naive,False
45,0.4,0.3584026393720763,naive,False
46,0.4,0.1191995198518154,naive,False
47,0.4,0.0006073383172671075,naive,True
48,0.4,0.9810856873369952,naive,False
49,0.4,0.4622111507090102,naive,False
50,0.4,0.3607919263102226,naive,False
51,0.4,0.3177572572140424,naive,False
52,0.4,0.7725960791939921,naive,False
53,0.4,0.04199244652945526,naive,True
54,0.4,0.018881545822482554,naive,True
55,0.4,0.6255703798315931,naive,False
56,0.4,0.8660105575147412,naive,False
57,0.4,0.0009506985973205716,naive,True
58,0.4,0.051029156689152914,naive,False
59,0.4,0.2626006856202921,naive,False
60,0.4,0.43542670596742045,naive,False
61,0.4,0.32009018243751935,naive,False
62,0.4,0.9844746877295295,naive,False
63,0.4,0.34018240575283076,naive,False
64,0.4,0.08192275997807823,naive,False
65,0.4,1.4540347579619016e-06,naive,True
66,0.4,3.9429360727602294e-05,naive,True
67,0.4,0.0020091073451475017,naive,True
68,0.4,0.05373066647878986,naive,False
69,0.4,0.08082345463784008,naive,False
70,0.4,0.1307491220298877,naive,False
71,0.4,0.12690250965298844,naive,False
72,0.4,0.5144411351757563,naive,False
73,0.4,0.126747727874716,naive,False
74,0.4,0.9303050971276211,naive,False
75,0.4,0.00023620177167828574,naive,True
76,0.4,0.005289592514382428,naive,True
77,0.4,0.20468487371951666,naive,False
78,0.4,0.45150750378911736,naive,False
79,0.4,0.0005573417602306606,naive,True
80,0.4,0.22386038199968067,naive,False
81,0.4,0.0057447187884167505,naive,True
82,0.4,0.00035773935559523667,naive,True
83,0.4,9.838442070528855e-10,naive,True
84,0.4,3.605751491823065e-10,naive,True
85,0.4,0.001935858182207498,naive,True
86,0.4,0.03983170414270975,naive,True
87,0.4,0.000450856712610839,naive,True
88,0.4,0.3447428357948999,naive,False
89,0.4,0.07385077900969848,naive,False
90,0.4,0.2964616516864169,naive,False
91,0.4,0.0006871058313127547,naive,True
92,0.4,0.0037269289766669917,naive,True
93,0.4,3.4446544817866964e-05,naive,True
94,0.4,0.10685843977667356,naive,False
95,0.4,0.003280164622381542,naive,True
96,0.4,0.004565157060464622,naive,True
97,0.4,0.06442503275486679,naive,False
98,0.4,0.09046630979699229,naive,False
99,0.4,0.02026627071463352,naive,True
0,0.4,1.0,block_permutation,False
1,0.4,0.23552894211576847,block_permutation,False
2,0.4,0.36926147704590817,block_permutation,False
3,0.4,1.0,block_permutation,False
4,0.4,0.6806387225548902,block_permutation,False
5,0.4,0.20758483033932135,block_permutation,False
6,0.4,1.0,block_permutation,False
7,0.4,0.16367265469061876,block_permutation,False
8,0.4,0.4171656686626746,block_permutation,False
9,0.4,1.0,block_permutation,False
10,0.4,0.8423153692614771,block_permutation,False
11,0.4,1.0,block_permutation,False
12,0.4,0.8902195608782435,block_permutation,False
13,0.4,0.36327345309381237,block_permutation,False
14,0.4,1.0,block_permutation,False
15,0.4,0.7984031936127745,block_permutation,False
16,0.4,0.6067864271457086,block_permutation,False
17,0.4,0.11776447105788423,block_permutation,False
18,0.4,0.0998003992015968,block_permutation,False
19,0.4,1.0,block_permutation,False
20,0.4,0.19760479041916168,block_permutation,False
21,0.4,1.0,block_permutation,False
22,0.4,1.0,block_permutation,False
23,0.4,0.6666666666666666,block_permutation,False
24,0.4,1.0,block_permutation,False
25,0.4,1.0,block_permutation,False
26,0.4,0.93812375249501,block_permutation,False
27,0.4,0.5988023952095808,block_permutation,False
28,0.4,1.0,block_permutation,False
29,0.4,1.0,block_permutation,False
30,0.4,0.6786427145708582,block_permutation,False
31,0.4,0.7485029940119761,block_permutation,False
32,0.4,0.7604790419161677,block_permutation,False
33,0.4,0.592814371257485,block_permutation,False
34,0.4,1.0,block_permutation,False
35,0.4,0.7884231536926147,block_permutation,False
36,0.4,1.0,block_permutation,False
37,0.4,0.35129740518962077,block_permutation,False
38,0.4,1.0,block_permutation,False
39,0.4,1.0,block_permutation,False
40,0.4,0.15169660678642716,block_permutation,False
41,0.4,1.0,block_permutation,False
42,0.4,1.0,block_permutation,False
43,0.4,1.0,block_permutation,False
44,0.4,0.4251497005988024,block_permutation,False
45,0.4,0.6806387225548902,block_permutation,False
46,0.4,0.42714570858283435,block_permutation,False
47,0.4,0.11776447105788423,block_permutation,False
48,0.4,0.9880239520958084,block_permutation,False
49,0.4,0.7385229540918163,block_permutation,False
50,0.4,1.0,block_permutation,False
51,0.4,1.0,block_permutation,False
52,0.4,1.0,block_permutation,False
53,0.4,1.0,block_permutation,False
54,0.4,1.0,block_permutation,False
55,0.4,1.0,block_permutation,False
56,0.4,0.9481037924151696,block_permutation,False
57,0.4,0.11377245508982035,block_permutation,False
58,0.4,1.0,block_permutation,False
59,0.4,0.5828343313373253,block_permutation,False
60,0.4,0.7245508982035929,block_permutation,False
61,0.4,1.0,block_permutation,False
62,0.4,1.0,block_permutation,False
63,0.4,1.0,block_permutation,False
64,0.4,0.43912175648702595,block_permutation,False
65,0.4,0.017964071856287425,block_permutation,True
66,0.4,0.043912175648702596,block_permutation,True
67,0.4,1.0,block_permutation,False
68,0.4,1.0,block_permutation,False
69,0.4,0.3992015968063872,block_permutation,False
70,0.4,0.37325349301397204,block_permutation,False
71,0.4,1.0,block_permutation,False
72,0.4,0.7904191616766467,block_permutation,False
73,0.4,1.0,block_permutation,False
74,0.4,0.9620758483033932,block_permutation,False
75,0.4,1.0,block_permutation,False
76,0.4,1.0,block_permutation,False
77,0.4,1.0,block_permutation,False
78,0.4,1.0,block_permutation,False
79,0.4,1.0,block_permutation,False
80,0.4,0.590818363273453,block_permutation,False
81,0.4,0.21956087824351297,block_permutation,False
82,0.4,1.0,block_permutation,False
83,0.4,1.0,block_permutation,False
84,0.4,0.007984031936127744,block_permutation,True
85,0.4,1.0,block_permutation,False
86,0.4,1.0,block_permutation,False
87,0.4,1.0,block_permutation,False
88,0.4,1.0,block_permutation,False
89,0.4,1.0,block_permutation,False
90,0.4,1.0,block_permutation,False
91,0.4,0.13373253493013973,block_permutation,False
92,0.4,0.16766467065868262,block_permutation,False
93,0.4,0.041916167664670656,block_permutation,True
94,0.4,1.0,block_permutation,False
95,0.4,1.0,block_permutation,False
96,0.4,1.0,block_permutation,False
97,0.4,0.35528942115768464,block_permutation,False
98,0.4,1.0,block_permutation,False
99,0.4,1.0,block_permutation,False
0,0.5,0.14108732393464724,naive,False
1,0.5,0.0032577270443192564,naive,True
2,0.5,0.024352273317120397,naive,True
3,0.5,0.00011757047325280804,naive,True
4,0.5,0.28391120369147527,naive,False
5,0.5,0.00531916259284629,naive,True
6,0.5,0.03510739419067673,naive,True
7,0.5,0.0005993497852538034,naive,True
8,0.5,0.03952337000370737,naive,True
9,0.5,0.041058580410931245,naive,True
10,0.5,0.5599225925982716,naive,False
11,0.5,0.00982030528417866,naive,True
12,0.5,0.6672057248929758,naive,False
13,0.5,0.022234634998643754,naive,True
14,0.5,0.7402630832855418,naive,False
15,0.5,0.6189706705696019,naive,False
16,0.5,0.1629592734176163,naive,False
17,0.5,0.00011633560865718852,naive,True
18,0.5,4.5758585776803235e-05,naive,True
19,0.5,0.21442121005955989,naive,False
20,0.5,0.007452406479291493,naive,True
21,0.5,0.042991790706517534,naive,True
22,0.5,1.7708871894456701e-16,naive,True
23,0.5,0.40552079582458017,naive,False
24,0.5,0.6873629464628073,naive,False
25,0.5,0.0044654507565848565,naive,True
26,0.5,0.8371328127083408,naive,False
27,0.5,0.1834862147042523,naive,False
28,0.5,0.15296588431607275,naive,False
29,0.5,0.1275453458120159,naive,False
30,0.5,0.23245098053542373,naive,False
31,0.5,0.4836856657107986,naive,False
32,0.5,0.5896155302722667,naive,False
33,0.5,0.1995717340064341,naive,False
34,0.5,0.33730231063458166,naive,False
35,0.5,0.6246612325594058,naive,False
36,0.5,0.05569655961872395,naive,False
37,0.5,0.036933035210435824,naive,True
38,0.5,0.1898690584083242,naive,False
39,0.5,0.2640647588822994,naive,False
40,0.5,0.0029715793421110047,naive,True
41,0.5,0.03881583531907914,naive,True
42,0.5,0.00011311054033349657,naive,True
43,0.5,0.0437496772130916,naive,True
44,0.5,0.08059195653480547,naive,False
45,0.5,0.21057733663357034,naive,False
46,0.5,0.04086646918706537,naive,True
47,0.5,0.00021165059101919064,naive,True
48,0.5,0.9753158143498456,naive,False
49,0.5,0.3756831294911013,naive,False
50,0.5,0.2963476833292471,naive,False
51,0.5,0.21544160756972297,naive,False
52,0.5,0.743373940631303,naive,False
53,0.5,0.026432160144267594,naive,True
54,0.5,0.010443214061639632,naive,True
55,0.5,0.44516162744056054,naive,False
56,0.5,0.8552307427994994,naive,False
57,0.5,0.0003380307723652624,naive,True
58,0.5,0.03964884161492433,naive,True
59,0.5,0.24989970991151952,naive,False
60,0.5,0.46465955179516516,naive,False
61,0.5,0.26581458285111004,naive,False
62,0.5,0.9725571714873632,naive,False
63,0.5,0.2041887195200968,naive,False
64,0.5,0.06695433681660948,naive,False
65,0.5,2.9839020838063424e-07,naive,True
66,0.5,9.143080245979448e-06,naive,True
67,0.5,0.0008075866057660439,naive,True
68,0.5,0.031772684160054375,naive,True
69,0.5,0.09975234997915923,naive,False
70,0.5,0.16393438731408785,naive,False
71,0.5,0.09332012509087505,naive,False
72,0.5,0.49484578288860304,naive,False
73,0.5,0.08335567592560161,naive,False
74,0.5,0.8633350201216048,naive,False
75,0.5,2.283403491696252e-05,naive,True
76,0.5,0.0017071602628498843,naive,True
77,0.5,0.16565629665887868,naive,False
78,0.5,0.4020505140555887,naive,False
79,0.5,0.0002515596781482412,naive,True
80,0.5,0.2862479176255932,naive,False
81,0.5,0.0013718315916939404,naive,True
82,0.5,0.00015867214308403055,naive,True
83,0.5,3.515999691260883e-11,naive,True
84,0.5,7.07751134242234e-12,naive,True
85,0.5,0.0007965695415657645,naive,True
86,0.5,0.034671014671905365,naive,True
87,0.5,0.00016759328735017304,naive,True
88,0.5,0.37484585001491505,naive,False
89,0.5,0.04193088861898784,naive,True
90,0.5,0.2589274397135559,naive,False
91,0.5,0.00037890722679166357,naive,True
92,0.5,0.0040468310881046615,naive,True
93,0.5,2.9489013670703357e-06,naive,True
94,0.5,0.09167239789373337,naive,False
95,0.5,0.003508981730892407,naive,True
96,0.5,0.0009766578462201809,naive,True
97,0.5,0.04102494723808646,naive,True
98,0.5,0.04825835304143696,naive,True
99,0.5,0.0074472908766737705,naive,True
0,0.5,1.0,block_permutation,False
1,0.5,0.22554890219560877,block_permutation,False
2,0.5,0.37325349301397204,block_permutation,False
3,0.5,1.0,block_permutation,False
4,0.5,0.6526946107784432,block_permutation,False
5,0.5,0.22355289421157684,block_permutation,False
6,0.5,1.0,block_permutation,False
7,0.5,0.17165668662674652,block_permutation,False
8,0.5,0.42714570858283435,block_permutation,False
9,0.5,1.0,block_permutation,False
10,0.5,0.782435129740519,block_permutation,False
11,0.5,1.0,block_permutation,False
12,0.5,0.872255489021956,block_permutation,False
13,0.5,0.3772455089820359,block_permutation,False
14,0.5,1.0,block_permutation,False
15,0.5,0.8522954091816367,block_permutation,False
16,0.5,0.5868263473053892,block_permutation,False
17,0.5,0.11776447105788423,block_permutation,False
18,0.5,0.09780439121756487,block_permutation,False
19,0.5,1.0,block_permutation,False
20,0.5,0.22355289421157684,block_permutation,False
21,0.5,1.0,block_permutation,False
22,0.5,1.0,block_permutation,False
23,0.5,0.7105788423153693,block_permutation,False
24,0.5,1.0,block_permutation,False
25,0.5,1.0,block_permutation,False
26,0.5,0.9281437125748503,block_permutation,False
27,0.5,0.6167664670658682,block_permutation,False
28,0.5,1.0,block_permutation,False
29,0.5,1.0,block_permutation,False
30,0.5,0.6007984031936128,block_permutation,False
31,0.5,0.7345309381237525,block_permutation,False
32,0.5,0.812375249500998,block_permutation,False
33,0.5,0.6107784431137725,block_permutation,False
34,0.5,1.0,block_permutation,False
35,0.5,0.812375249500998,block_permutation,False
36,0.5,1.0,block_permutation,False
37,0.5,0.38922155688622756,block_permutation,False
38,0.5,1.0,block_permutation,False
39,0.5,1.0,block_permutation,False
40,0.5,0.14770459081836326,block_permutation,False
41,0.5,1.0,block_permutation,False
42,0.5,1.0,block_permutation,False
43,0.5,1.0,block_permutation,False
44,0.5,0.4151696606786427,block_permutation,False
45,0.5,0.6107784431137725,block_permutation,False
46,0.5,0.3413173652694611,block_permutation,False
47,0.5,0.1217564870259481,block_permutation,False
48,0.5,0.9860279441117764,block_permutation,False
49,0.5,0.7105788423153693,block_permutation,False
50,0.5,1.0,block_permutation,False
51,0.5,1.0,block_permutation,False
52,0.5,1.0,block_permutation,False
53,0.5,1.0,block_permutation,False
54,0.5,1.0,block_permutation,False
55,0.5,1.0,block_permutation,False
56,0.5,0.9461077844311377,block_permutation,False
57,0.5,0.11377245508982035,block_permutation,False
58,0.5,1.0,block_permutation,False
59,0.5,0.6007984031936128,block_permutation,False
60,0.5,0.7624750499001997,block_permutation,False
61,0.5,1.0,block_permutation,False
62,0.5,1.0,block_permutation,False
63,0.5,1.0,block_permutation,False
64,0.5,0.4530938123752495,block_permutation,False
65,0.5,0.027944111776447105,block_permutation,True
66,0.5,0.05189620758483034,block_permutation,False
67,0.5,1.0,block_permutation,False
68,0.5,1.0,block_permutation,False
69,0.5,0.45708582834331335,block_permutation,False
70,0.5,0.4590818363273453,block_permutation,False
71,0.5,1.0,block_permutation,False
72,0.5,0.7984031936127745,block_permutation,False
73,0.5,1.0,block_permutation,False
74,0.5,0.9241516966067864,block_permutation,False
75,0.5,1.0,block_permutation,False
76,0.5,1.0,block_permutation,False
77,0.5,1.0,block_permutation,False
78,0.5,1.0,block_permutation,False
79,0.5,1.0,block_permutation,False
80,0.5,0.6526946107784432,block_permutation,False
81,0.5,0.20359281437125748,block_permutation,False
82,0.5,1.0,block_permutation,False
83,0.5,1.0,block_permutation,False
84,0.5,0.007984031936127744,block_permutation,True
85,0.5,1.0,block_permutation,False
86,0.5,1.0,block_permutation,False
87,0.5,1.0,block_permutation,False
88,0.5,1.0,block_permutation,False
89,0.5,1.0,block_permutation,False
90,0.5,1.0,block_permutation,False
91,0.5,0.15768463073852296,block_permutation,False
92,0.5,0.21756487025948104,block_permutation,False
93,0.5,0.031936127744510975,block_permutation,True
94,0.5,1.0,block_permutation,False
95,0.5,1.0,block_permutation,False
96,0.5,1.0,block_permutation,False
97,0.5,0.35129740518962077,block_permutation,False
98,0.5,1.0,block_permutation,False
99,0.5,1.0,block_permutation,False
