"Step","DAPO-qwen3-235b-megatron-lora-mint-no-ep-inf-no-r3 - timing_s/update_actor","DAPO-qwen3-235b-megatron-lora-mint-no-ep-inf-no-r3 - timing_s/update_actor__MIN","DAPO-qwen3-235b-megatron-lora-mint-no-ep-inf-no-r3 - timing_s/update_actor__MAX","DAPO-qwen3-30b-megatron-lora-mint-no-ep-inf-r3 - timing_s/update_actor","DAPO-qwen3-30b-megatron-lora-mint-no-ep-inf-r3 - timing_s/update_actor__MIN","DAPO-qwen3-30b-megatron-lora-mint-no-ep-inf-r3 - timing_s/update_actor__MAX","DAPO-qwen3-30b-megatron-lora-mint-no-ep-inf-no-r3 - timing_s/update_actor","DAPO-qwen3-30b-megatron-lora-mint-no-ep-inf-no-r3 - timing_s/update_actor__MIN","DAPO-qwen3-30b-megatron-lora-mint-no-ep-inf-no-r3 - timing_s/update_actor__MAX","DAPO-qwen3-235b-megatron-lora-mint-r3 - timing_s/update_actor","DAPO-qwen3-235b-megatron-lora-mint-r3 - timing_s/update_actor__MIN","DAPO-qwen3-235b-megatron-lora-mint-r3 - timing_s/update_actor__MAX"
"1","537.9453981319675","537.9453981319675","537.9453981319675","693.4747672129888","693.4747672129888","693.4747672129888","633.6279831120046","633.6279831120046","633.6279831120046","540.3626696820138","540.3626696820138","540.3626696820138"
"2","579.0043836729601","579.0043836729601","579.0043836729601","658.1461203329964","658.1461203329964","658.1461203329964","616.9998986389837","616.9998986389837","616.9998986389837","593.8739771469845","593.8739771469845","593.8739771469845"
"3","608.8984064469114","608.8984064469114","608.8984064469114","661.0344142050017","661.0344142050017","661.0344142050017","618.6847049010103","618.6847049010103","618.6847049010103","611.4411305300309","611.4411305300309","611.4411305300309"
"4","635.6661710609915","635.6661710609915","635.6661710609915","607.485552940052","607.485552940052","607.485552940052","571.8555520810187","571.8555520810187","571.8555520810187","652.3672322710045","652.3672322710045","652.3672322710045"
"5","522.9919239430455","522.9919239430455","522.9919239430455","703.8186187120155","703.8186187120155","703.8186187120155","659.4358117660158","659.4358117660158","659.4358117660158","521.3738389540231","521.3738389540231","521.3738389540231"
"6","643.7076156029943","643.7076156029943","643.7076156029943","665.2515476159751","665.2515476159751","665.2515476159751","610.2316462539602","610.2316462539602","610.2316462539602","654.0938608460128","654.0938608460128","654.0938608460128"
"7","563.8257999880007","563.8257999880007","563.8257999880007","631.466111731017","631.466111731017","631.466111731017","584.5807842939976","584.5807842939976","584.5807842939976","572.5115185879986","572.5115185879986","572.5115185879986"
"8","569.376483991975","569.376483991975","569.376483991975","614.1142275560414","614.1142275560414","614.1142275560414","566.7126474709949","566.7126474709949","566.7126474709949","570.1589189089718","570.1589189089718","570.1589189089718"
"9","555.5050872829743","555.5050872829743","555.5050872829743","615.3988944179146","615.3988944179146","615.3988944179146","555.5921886660508","555.5921886660508","555.5921886660508","555.0681441510096","555.0681441510096","555.0681441510096"
"10","611.531610755017","611.531610755017","611.531610755017","671.9059095840203","671.9059095840203","671.9059095840203","595.9917170380359","595.9917170380359","595.9917170380359","629.7744469599565","629.7744469599565","629.7744469599565"
"11","574.9458245160058","574.9458245160058","574.9458245160058","566.3860448549967","566.3860448549967","566.3860448549967","512.6028509559692","512.6028509559692","512.6028509559692","581.767128113017","581.767128113017","581.767128113017"
"12","546.1946511541028","546.1946511541028","546.1946511541028","632.1766513990005","632.1766513990005","632.1766513990005","574.6373618840007","574.6373618840007","574.6373618840007","567.5181071879924","567.5181071879924","567.5181071879924"
"13","503.50049574207515","503.50049574207515","503.50049574207515","641.2108872629469","641.2108872629469","641.2108872629469","578.9744836089667","578.9744836089667","578.9744836089667","486.3820883220178","486.3820883220178","486.3820883220178"
"14","566.3105865030084","566.3105865030084","566.3105865030084","655.8024395119864","655.8024395119864","655.8024395119864","590.0511306950357","590.0511306950357","590.0511306950357","563.263544742018","563.263544742018","563.263544742018"
"15","610.3677809690125","610.3677809690125","610.3677809690125","658.0520866309525","658.0520866309525","658.0520866309525","586.7317803619662","586.7317803619662","586.7317803619662","560.3159370140056","560.3159370140056","560.3159370140056"
"16","558.7088369550183","558.7088369550183","558.7088369550183","628.7981780490372","628.7981780490372","628.7981780490372","551.9535602949909","551.9535602949909","551.9535602949909","519.2162060649716","519.2162060649716","519.2162060649716"
"17","666.6227528839372","666.6227528839372","666.6227528839372","610.0764625750016","610.0764625750016","610.0764625750016","539.5087016170146","539.5087016170146","539.5087016170146","624.2150298760389","624.2150298760389","624.2150298760389"
"18","714.5578812409658","714.5578812409658","714.5578812409658","633.3824965090025","633.3824965090025","633.3824965090025","556.828721961996","556.828721961996","556.828721961996","652.6892647759523","652.6892647759523","652.6892647759523"
"19","685.6882678510156","685.6882678510156","685.6882678510156","564.7476127819391","564.7476127819391","564.7476127819391","501.9519669919973","501.9519669919973","501.9519669919973","623.5640514730476","623.5640514730476","623.5640514730476"
"20","613.7886540428735","613.7886540428735","613.7886540428735","613.2130132500315","613.2130132500315","613.2130132500315","546.6674821120105","546.6674821120105","546.6674821120105","550.4747969900491","550.4747969900491","550.4747969900491"
"21","641.4260528930463","641.4260528930463","641.4260528930463","553.4944595210254","553.4944595210254","553.4944595210254","491.128167679999","491.128167679999","491.128167679999","600.7256141370162","600.7256141370162","600.7256141370162"
"22","622.3387361341156","622.3387361341156","622.3387361341156","606.82612879097","606.82612879097","606.82612879097","526.3722039790009","526.3722039790009","526.3722039790009","581.6978224879131","581.6978224879131","581.6978224879131"
"23","594.1903227169532","594.1903227169532","594.1903227169532","590.6585525999544","590.6585525999544","590.6585525999544","502.26731835101964","502.26731835101964","502.26731835101964","558.8173505220329","558.8173505220329","558.8173505220329"
"24","638.0308696851134","638.0308696851134","638.0308696851134","621.9528361009434","621.9528361009434","621.9528361009434","544.1743083740002","544.1743083740002","544.1743083740002","596.5582680299412","596.5582680299412","596.5582680299412"
"25","598.7722183570731","598.7722183570731","598.7722183570731","576.5459097150015","576.5459097150015","576.5459097150015","507.14253080199705","507.14253080199705","507.14253080199705","541.2994267159374","541.2994267159374","541.2994267159374"
"26","589.917010598816","589.917010598816","589.917010598816","671.736532225972","671.736532225972","671.736532225972","586.2777755639981","586.2777755639981","586.2777755639981","530.0845899430569","530.0845899430569","530.0845899430569"
"27","664.9563066910487","664.9563066910487","664.9563066910487","638.335186042008","638.335186042008","638.335186042008","538.4240647870465","538.4240647870465","538.4240647870465","616.7053900450701","616.7053900450701","616.7053900450701"
"28","567.9635990769602","567.9635990769602","567.9635990769602","649.6677450500429","649.6677450500429","649.6677450500429","565.5137998869759","565.5137998869759","565.5137998869759","516.5107556959847","516.5107556959847","516.5107556959847"
"29","591.4563151260372","591.4563151260372","591.4563151260372","596.124192608986","596.124192608986","596.124192608986","520.9256657499936","520.9256657499936","520.9256657499936","552.7858215289889","552.7858215289889","552.7858215289889"
"30","614.3197770090774","614.3197770090774","614.3197770090774","676.4086419160012","676.4086419160012","676.4086419160012","601.061811697029","601.061811697029","601.061811697029","564.496284094057","564.496284094057","564.496284094057"
"31","466.2084448719397","466.2084448719397","466.2084448719397","591.527517698938","591.527517698938","591.527517698938","512.4292935919948","512.4292935919948","512.4292935919948","435.53678464796394","435.53678464796394","435.53678464796394"
"32","641.0775953789707","641.0775953789707","641.0775953789707","623.7251218559686","623.7251218559686","623.7251218559686","530.8518429769902","530.8518429769902","530.8518429769902","597.034233699087","597.034233699087","597.034233699087"
"33","581.2233302469831","581.2233302469831","581.2233302469831","572.9547477460001","572.9547477460001","572.9547477460001","493.44345867901575","493.44345867901575","493.44345867901575","535.741125763976","535.741125763976","535.741125763976"
"34","521.0260201920755","521.0260201920755","521.0260201920755","665.6669970270013","665.6669970270013","665.6669970270013","564.8765862839646","564.8765862839646","564.8765862839646","477.28562251396943","477.28562251396943","477.28562251396943"
"35","621.7668903649319","621.7668903649319","621.7668903649319","638.080618022941","638.080618022941","638.080618022941","534.9262770030182","534.9262770030182","534.9262770030182","594.9018147439929","594.9018147439929","594.9018147439929"
"36","563.9664322969038","563.9664322969038","563.9664322969038","604.2764282799326","604.2764282799326","604.2764282799326","513.9861339989584","513.9861339989584","513.9861339989584","482.96729778894223","482.96729778894223","482.96729778894223"
"37","724.0575210531242","724.0575210531242","724.0575210531242","624.0391613449901","624.0391613449901","624.0391613449901","541.7155635260278","541.7155635260278","541.7155635260278","643.0532545089955","643.0532545089955","643.0532545089955"
"38","590.1724477210082","590.1724477210082","590.1724477210082","522.739845967968","522.739845967968","522.739845967968","444.8420063619851","444.8420063619851","444.8420063619851","547.466366643901","547.466366643901","547.466366643901"
"39","610.4008793921676","610.4008793921676","610.4008793921676","664.2770468209637","664.2770468209637","664.2770468209637","599.8169315970154","599.8169315970154","599.8169315970154","497.78573868004605","497.78573868004605","497.78573868004605"
"40","636.8129981239326","636.8129981239326","636.8129981239326","628.0121679620352","628.0121679620352","628.0121679620352","546.3448634779779","546.3448634779779","546.3448634779779","556.1111344569363","556.1111344569363","556.1111344569363"
"41","519.9968642049935","519.9968642049935","519.9968642049935","659.9704063159879","659.9704063159879","659.9704063159879","582.5349157930468","582.5349157930468","582.5349157930468","446.10636192408856","446.10636192408856","446.10636192408856"
"42","590.1111981340218","590.1111981340218","590.1111981340218","633.4529551800806","633.4529551800806","633.4529551800806","542.9475573310046","542.9475573310046","542.9475573310046","488.40651675406843","488.40651675406843","488.40651675406843"
"43","668.582842878066","668.582842878066","668.582842878066","662.8523727380671","662.8523727380671","662.8523727380671","585.1411612270167","585.1411612270167","585.1411612270167","566.4293696829118","566.4293696829118","566.4293696829118"
"44","536.0731371289585","536.0731371289585","536.0731371289585","552.135688564973","552.135688564973","552.135688564973","477.48193369602086","477.48193369602086","477.48193369602086","448.20509403408505","448.20509403408505","448.20509403408505"
"45","658.1922598250676","658.1922598250676","658.1922598250676","676.3270474430174","676.3270474430174","676.3270474430174","578.9529455080046","578.9529455080046","578.9529455080046","565.2543315259973","565.2543315259973","565.2543315259973"
"46","","","","665.7829111339524","665.7829111339524","665.7829111339524","588.3060817220248","588.3060817220248","588.3060817220248","546.3072816149797","546.3072816149797","546.3072816149797"
"47","","","","607.3514399199048","607.3514399199048","607.3514399199048","525.2505037559895","525.2505037559895","525.2505037559895","562.6658189840382","562.6658189840382","562.6658189840382"
"48","","","","617.8163806759985","617.8163806759985","617.8163806759985","522.6503125809832","522.6503125809832","522.6503125809832","476.0942661300069","476.0942661300069","476.0942661300069"
"49","","","","657.8808102029143","657.8808102029143","657.8808102029143","553.6930238789646","553.6930238789646","553.6930238789646","526.6268779379316","526.6268779379316","526.6268779379316"
"50","","","","597.0571661019931","597.0571661019931","597.0571661019931","505.1039996939944","505.1039996939944","505.1039996939944","572.8159875060664","572.8159875060664","572.8159875060664"
"51","","","","646.9622266209917","646.9622266209917","646.9622266209917","","","","554.4238065140089","554.4238065140089","554.4238065140089"
"52","","","","674.0292275089305","674.0292275089305","674.0292275089305","","","","609.9327824540669","609.9327824540669","609.9327824540669"
"53","","","","607.7603319520131","607.7603319520131","607.7603319520131","","","","581.1070444940124","581.1070444940124","581.1070444940124"
"54","","","","578.0123193280306","578.0123193280306","578.0123193280306","","","","614.6757716829889","614.6757716829889","614.6757716829889"
"55","","","","568.5539732850157","568.5539732850157","568.5539732850157","","","","624.7181834919611","624.7181834919611","624.7181834919611"
"56","","","","713.792788685998","713.792788685998","713.792788685998","","","","506.9844604979735","506.9844604979735","506.9844604979735"
"57","","","","618.260745396954","618.260745396954","618.260745396954","","","","656.2489702031016","656.2489702031016","656.2489702031016"
"58","","","","633.4092362560332","633.4092362560332","633.4092362560332","","","","466.28039445891045","466.28039445891045","466.28039445891045"
"59","","","","648.1342494430719","648.1342494430719","648.1342494430719","","","","596.5979201919399","596.5979201919399","596.5979201919399"
"60","","","","607.4896255560452","607.4896255560452","607.4896255560452","","","","754.8224146480206","754.8224146480206","754.8224146480206"
"61","","","","636.073636444984","636.073636444984","636.073636444984","","","","612.6968685199972","612.6968685199972","612.6968685199972"
"62","","","","688.3848809190094","688.3848809190094","688.3848809190094","","","","586.9772005559644","586.9772005559644","586.9772005559644"
"63","","","","655.5502928600181","655.5502928600181","655.5502928600181","","","","559.6347978049889","559.6347978049889","559.6347978049889"
"64","","","","687.9048769379733","687.9048769379733","687.9048769379733","","","","656.463278271025","656.463278271025","656.463278271025"
"65","","","","666.7029268320184","666.7029268320184","666.7029268320184","","","","591.2776318959659","591.2776318959659","591.2776318959659"
"66","","","","645.3776460530935","645.3776460530935","645.3776460530935","","","","545.2272392059676","545.2272392059676","545.2272392059676"
"67","","","","648.1752780799288","648.1752780799288","648.1752780799288","","","","540.6603177939542","540.6603177939542","540.6603177939542"
"68","","","","620.285161531996","620.285161531996","620.285161531996","","","","672.8453636959894","672.8453636959894","672.8453636959894"
"69","","","","706.9261617889861","706.9261617889861","706.9261617889861","","","","600.0878281960031","600.0878281960031","600.0878281960031"
"70","","","","678.7333547560265","678.7333547560265","678.7333547560265","","","","564.4365261929343","564.4365261929343","564.4365261929343"
"71","","","","645.1727487879107","645.1727487879107","645.1727487879107","","","","590.9702919200063","590.9702919200063","590.9702919200063"
"72","","","","670.8647327009821","670.8647327009821","670.8647327009821","","","","692.8425633460283","692.8425633460283","692.8425633460283"
"73","","","","667.3606128409738","667.3606128409738","667.3606128409738","","","","561.1390133389505","561.1390133389505","561.1390133389505"
"74","","","","659.9787779430626","659.9787779430626","659.9787779430626","","","","639.4841798449634","639.4841798449634","639.4841798449634"
"75","","","","681.0076958989957","681.0076958989957","681.0076958989957","","","","460.2789921500953","460.2789921500953","460.2789921500953"
"76","","","","643.3058773679659","643.3058773679659","643.3058773679659","","","","596.3360763890669","596.3360763890669","596.3360763890669"
"77","","","","590.8835935010575","590.8835935010575","590.8835935010575","","","","646.9334749170812","646.9334749170812","646.9334749170812"
"78","","","","634.1370480940677","634.1370480940677","634.1370480940677","","","","654.8152112170355","654.8152112170355","654.8152112170355"
"79","","","","638.1829302730039","638.1829302730039","638.1829302730039","","","","561.1198522209888","561.1198522209888","561.1198522209888"
"80","","","","632.7986761189532","632.7986761189532","632.7986761189532","","","","594.773739501019","594.773739501019","594.773739501019"
"81","","","","610.009973180946","610.009973180946","610.009973180946","","","","513.8988478920655","513.8988478920655","513.8988478920655"
"82","","","","612.8039045010228","612.8039045010228","612.8039045010228","","","","617.0652249529958","617.0652249529958","617.0652249529958"
"83","","","","578.4718115320429","578.4718115320429","578.4718115320429","","","","554.8516809729626","554.8516809729626","554.8516809729626"
"84","","","","607.144936710014","607.144936710014","607.144936710014","","","","519.4761626960244","519.4761626960244","519.4761626960244"
"85","","","","656.3588958189357","656.3588958189357","656.3588958189357","","","","535.0752902859822","535.0752902859822","535.0752902859822"
"86","","","","620.072606917005","620.072606917005","620.072606917005","","","","544.1314238930354","544.1314238930354","544.1314238930354"
"87","","","","632.7841423139907","632.7841423139907","632.7841423139907","","","","679.7474991229828","679.7474991229828","679.7474991229828"
"88","","","","","","","","","","663.1215350150596","663.1215350150596","663.1215350150596"