sample_id,alloy_family,rolling_reduction,temperature,strain_rate,ODF_{100},ODF_{110},ODF_{111},predicted_{100},predicted_{110},predicted_{111}
0,Aluminum-5xxx,0.65,450,0.5,1.2,1.8,2.1,1.18,1.79,2.09
1,Aluminum-5xxx,0.40,500,0.2,0.9,1.5,1.8,0.91,1.52,1.81
2,Aluminum-5xxx,0.55,480,0.8,1.1,1.7,2.0,1.09,1.68,1.99
3,Aluminum-6xxx,0.70,420,0.6,1.3,1.9,2.2,1.31,1.92,2.21
4,Aluminum-6xxx,0.35,510,0.3,0.8,1.4,1.7,0.82,1.41,1.72
5,Aluminum-6xxx,0.60,460,0.7,1.2,1.8,2.1,1.19,1.81,2.11
6,Copper-110,0.80,300,1.0,2.5,3.0,3.5,2.48,3.02,3.51
7,Copper-110,0.50,350,0.4,2.0,2.5,3.0,2.01,2.49,3.02
8,Copper-110,0.75,320,0.9,2.4,2.9,3.4,2.42,2.93,3.42
9,Steel-4140,0.60,600,0.5,1.5,2.0,2.5,1.52,2.01,2.52
10,Steel-4140,0.45,650,0.2,1.1,1.6,2.0,1.12,1.61,2.02
11,Steel-4140,0.55,620,0.6,1.3,1.8,2.2,1.31,1.82,2.23
12,Aluminum-5xxx,0.48,490,0.4,1.0,1.6,1.9,0.99,1.61,1.91
13,Aluminum-6xxx,0.68,430,0.8,1.3,1.9,2.2,1.29,1.93,2.22
14,Copper-110,0.72,310,0.95,2.4,2.9,3.4,2.45,2.95,3.45
