participant_id,age,sex,bmi,cognitive_flexibility_score,shannon_diversity,simpson_diversity,chao1,dietary_fiber_intake,antibiotic_use_history
AB123456,67,female,24.5,72.3,3.85,0.89,456.2,28.5,True
CD789012,72,male,26.1,68.9,3.72,0.87,423.8,24.3,False
EF345678,65,female,22.8,75.1,4.02,0.91,489.5,31.2,True
GH901234,78,male,27.3,65.4,3.61,0.85,412.1,22.7,False
IJ567890,69,female,23.9,70.8,3.91,0.90,467.3,29.8,True
KL123456,74,male,25.7,67.2,3.68,0.86,435.6,25.1,False
MN789012,66,female,24.2,73.6,3.97,0.92,478.9,30.5,True
OP345678,80,male,28.1,63.7,3.55,0.84,401.4,21.9,False
QR901234,71,female,23.5,71.5,3.88,0.89,461.7,28.9,True
ST567890,68,male,25.3,69.7,3.75,0.88,445.2,26.4,False
UV123456,76,female,24.8,66.9,3.64,0.86,428.3,23.6,True
WX789012,73,male,26.5,68.1,3.70,0.87,439.8,25.8,False
YZ345678,67,female,23.1,74.2,3.99,0.91,482.1,30.1,True
AB901234,79,male,27.8,64.5,3.58,0.84,408.7,22.3,False
CD567890,70,female,24.6,70.3,3.82,0.89,454.9,27.7,True
EF123456,75,male,25.9,67.8,3.66,0.86,432.4,24.9,False
GH789012,64,female,22.5,76.4,4.05,0.93,495.8,32.1,True
IJ345678,81,male,28.5,62.9,3.52,0.83,395.6,21.2,False
KL901234,72,female,24.0,71.9,3.86,0.90,463.5,28.2,True
MN567890,69,male,25.5,68.5,3.73,0.87,441.7,25.5,False
