repo_id,commit_hash,label,source
repo-alpha,abc123def,bug_fix,manual_review
repo-alpha,def456ghi,not_bug_fix,manual_review
repo-beta,789jkl012,bug_fix,manual_review
repo-beta,345mno678,not_bug_fix,manual_review
repo-gamma,901pqr234,bug_fix,manual_review
repo-gamma,567stu890,not_bug_fix,manual_review
repo-delta,123vwx456,bug_fix,manual_review
repo-delta,789yza012,not_bug_fix,manual_review
repo-epsilon,345bcd678,bug_fix,manual_review
repo-epsilon,901efg234,not_bug_fix,manual_review
repo-zeta,567hij890,bug_fix,manual_review
repo-zeta,123klm456,not_bug_fix,manual_review
repo-eta,789nop012,bug_fix,manual_review
repo-eta,345qrs678,not_bug_fix,manual_review
repo-theta,901tuv234,bug_fix,manual_review
repo-theta,567wxy890,not_bug_fix,manual_review
repo-iota,123zab456,bug_fix,manual_review
repo-iota,789cde012,not_bug_fix,manual_review
repo-kappa,345fgh678,bug_fix,manual_review
repo-kappa,901ijk234,not_bug_fix,manual_review
repo-lambda,567lmn890,bug_fix,manual_review
repo-lambda,123opq456,not_bug_fix,manual_review
repo-mu,789rst012,bug_fix,manual_review
repo-mu,345uvw678,not_bug_fix,manual_review
repo-nu,901xyz234,bug_fix,manual_review
repo-nu,567abc890,not_bug_fix,manual_review
repo-xi,123def456,bug_fix,manual_review
repo-xi,789ghi012,not_bug_fix,manual_review
repo-omicron,345jkl678,bug_fix,manual_review
repo-omicron,901mno234,not_bug_fix,manual_review
repo-pi,567pqr890,bug_fix,manual_review
repo-pi,123stu456,not_bug_fix,manual_review
repo-rho,789vwx012,bug_fix,manual_review
repo-rho,345yza678,not_bug_fix,manual_review
repo-sigma,901bcd234,bug_fix,manual_review
repo-sigma,567efg890,not_bug_fix,manual_review
repo-tau,123hij456,bug_fix,manual_review
repo-tau,789klm012,not_bug_fix,manual_review
repo-upsilon,345nop678,bug_fix,manual_review
repo-upsilon,901qrs234,not_bug_fix,manual_review
repo-phi,567tuv890,bug_fix,manual_review
repo-phi,123wxy456,not_bug_fix,manual_review
repo-chi,789zab012,bug_fix,manual_review
repo-chi,345cde678,not_bug_fix,manual_review
repo-psi,901fgh234,bug_fix,manual_review
repo-psi,567ijk890,not_bug_fix,manual_review
repo-omega,123lmn456,bug_fix,manual_review
repo-omega,789opq012,not_bug_fix,manual_review
repo-test1,111aaa222,bug_fix,manual_review
repo-test1,222bbb333,not_bug_fix,manual_review
repo-test2,333ccc444,bug_fix,manual_review
repo-test2,444ddd555,not_bug_fix,manual_review
repo-test3,555eee666,bug_fix,manual_review
repo-test3,666fff777,not_bug_fix,manual_review
repo-test4,777ggg888,bug_fix,manual_review
repo-test4,888hhh999,not_bug_fix,manual_review
repo-test5,999iii000,bug_fix,manual_review
repo-test5,000jjj111,not_bug_fix,manual_review
