sample_id,heteroplasmy_burden,sequencing_depth,haplogroup,age,sex,population,PC1,PC2,PC3,PC4,PC5,PC6,PC7,PC8,PC9,PC10
HG00096,0.15,120,H1,45,Male,EUR,0.012,-0.008,0.003,0.001,-0.002,0.005,-0.001,0.002,0.001,0.003
HG00097,0.22,150,J1,62,Female,AFR,0.045,0.023,0.011,0.007,0.004,0.002,-0.003,0.001,0.002,0.001
HG00098,0.08,110,U5b,38,Male,EAS,-0.021,-0.015,-0.008,-0.003,-0.001,0.002,0.004,-0.001,0.001,0.002
HG00099,0.18,135,T2,55,Female,SAS,0.033,0.019,0.009,0.005,0.003,0.001,-0.002,0.001,0.001,0.002
HG00100,0.12,125,H5,48,Male,AMR,0.028,0.014,0.007,0.004,0.002,0.001,-0.001,0.001,0.001,0.001
HG00101,0.25,145,K1a,70,Female,EUR,0.015,-0.012,0.004,0.002,0.001,0.003,-0.002,0.002,0.001,0.003
HG00102,0.09,105,L3,35,Male,AFR,0.052,0.028,0.014,0.008,0.005,0.003,-0.004,0.002,0.002,0.001
HG00103,0.21,160,D4,58,Female,EAS,-0.018,-0.011,-0.006,-0.002,-0.001,0.001,0.003,-0.001,0.001,0.002
HG00104,0.14,130,G2a,42,Male,SAS,0.031,0.017,0.008,0.005,0.003,0.002,-0.002,0.001,0.001,0.002
HG00105,0.19,140,B2,65,Female,AMR,0.025,0.013,0.006,0.003,0.002,0.001,-0.001,0.001,0.001,0.001