age,gender,education,income,social_support,harassment_severity,depression,anxiety,ptsd,platform
24,0,2,3,12.5,4.2,18.0,14.0,22.0,1
31,1,3,4,18.0,2.1,8.0,5.0,10.0,2
19,0,1,2,9.0,5.5,24.0,20.0,35.0,1
45,1,4,4,22.0,1.0,4.0,3.0,5.0,3
28,0,3,3,15.5,3.8,15.0,12.0,18.0,2
22,1,2,2,11.0,4.5,19.0,16.0,25.0,1
35,0,3,3,16.0,2.5,10.0,8.0,12.0,2
26,1,2,3,13.5,3.2,14.0,11.0,16.0,1
30,0,4,4,20.0,1.5,6.0,4.0,7.0,3
21,1,1,2,8.5,5.0,22.0,19.0,30.0,1
33,0,3,3,14.5,3.0,12.0,9.0,14.0,2
27,1,2,3,12.0,4.0,17.0,13.0,20.0,1
40,0,4,4,21.0,1.2,5.0,3.0,6.0,3
23,1,2,2,10.5,4.8,20.0,17.0,28.0,1
29,0,3,3,17.5,2.2,9.0,6.0,11.0,2
18,1,1,2,9.5,5.2,23.0,21.0,32.0,1
38,0,4,4,19.5,1.8,7.0,5.0,9.0,3
25,1,2,3,13.0,3.5,15.5,12.5,19.0,2
32,0,3,3,15.0,2.8,11.0,8.5,13.0,1
20,1,1,2,8.0,5.8,25.0,22.0,38.0,1