threshold,pair_id,score,prediction,ground_truth,tp,fp,tn,fn
0.6,0,0.12,False,False,0,0,1,0
0.6,1,0.89,True,True,1,0,0,0
0.6,2,0.15,False,False,0,0,1,0
0.6,3,0.91,True,True,1,0,0,0
0.6,4,0.11,False,False,0,0,1,0
0.6,5,0.88,True,True,1,0,0,0
0.6,6,0.14,False,False,0,0,1,0
0.6,7,0.92,True,True,1,0,0,0
0.6,8,0.13,False,False,0,0,1,0
0.6,9,0.87,True,True,1,0,0,0
0.7,0,0.12,False,False,0,0,1,0
0.7,1,0.89,True,True,1,0,0,0
0.7,2,0.15,False,False,0,0,1,0
0.7,3,0.91,True,True,1,0,0,0
0.7,4,0.11,False,False,0,0,1,0
0.7,5,0.88,True,True,1,0,0,0
0.7,6,0.14,False,False,0,0,1,0
0.7,7,0.92,True,True,1,0,0,0
0.7,8,0.13,False,False,0,0,1,0
0.7,9,0.87,True,True,1,0,0,0
0.8,0,0.12,False,False,0,0,1,0
0.8,1,0.89,True,True,1,0,0,0
0.8,2,0.15,False,False,0,0,1,0
0.8,3,0.91,True,True,1,0,0,0
0.8,4,0.11,False,False,0,0,1,0
0.8,5,0.88,True,True,1,0,0,0
0.8,6,0.14,False,False,0,0,1,0
0.8,7,0.92,True,True,1,0,0,0
0.8,8,0.13,False,False,0,0,1,0
0.8,9,0.87,True,True,1,0,0,0
0.9,0,0.12,False,False,0,0,1,0
0.9,1,0.89,False,True,0,0,0,1
0.9,2,0.15,False,False,0,0,1,0
0.9,3,0.91,True,True,1,0,0,0
0.9,4,0.11,False,False,0,0,1,0
0.9,5,0.88,False,True,0,0,0,1
0.9,6,0.14,False,False,0,0,1,0
0.9,7,0.92,True,True,1,0,0,0
0.9,8,0.13,False,False,0,0,1,0
0.9,9,0.87,False,True,0,0,0,1
0.95,0,0.12,False,False,0,0,1,0
0.95,1,0.89,False,True,0,0,0,1
0.95,2,0.15,False,False,0,0,1,0
0.95,3,0.91,False,True,0,0,0,1
0.95,4,0.11,False,False,0,0,1,0
0.95,5,0.88,False,True,0,0,0,1
0.95,6,0.14,False,False,0,0,1,0
0.95,7,0.92,False,True,0,0,0,1
0.95,8,0.13,False,False,0,0,1,0
0.95,9,0.87,False,True,0,0,0,1