year,similarity,cooks_distance,is_outlier,leverage
2010,0.123456,0.0033817832657953165,False,0.274725274725256
2011,0.124567,0.014229249023715905,False,0.21428571428576504
2012,0.125678,0.0556823472242466,False,0.16483516483519622
2013,0.126789,0.09775010930479865,False,0.12637362637365612
2014,0.12789,0.08091785230523924,False,0.09890109890111276
2015,0.128901,0.1564287162576683,False,0.08241758241758923
2016,0.130012,0.08691471570620436,False,0.07692307692307697
2017,0.131123,0.04772688815227862,False,0.0824175824175768
2018,0.132234,0.02100994987566053,False,0.09890109890109144
2019,0.133345,0.002901844800013717,False,0.1263736263736135
2020,0.134456,0.005356613462075492,False,0.1648351648351607
2021,0.135567,0.0652267465158436,False,0.2142857142857153
2022,0.136678,0.2680652681081965,False,0.2747252747252702
