task,peak_memory_gb,icc99,0.0031816381961107254
2026-09-22 22:26:21,0.020646672695875168
2026-09-22 22:28:28,0.020749788731336594
2026-09-22 22:30:35,0.020807864144444466
2026-09-22 22:32:42,0.020864887163043022
2026-09-22 22:34:50,0.020898682065308094
2026-09-22 22:36:57,0.02094543632119894
2026-09-22 22:39:10,0.02064255066215992
2026-09-22 22:41:17,0.020761161111295223
2026-09-22 22:43:24,0.020811647176742554
2026-09-22 22:45:30,0.020854460075497627
2026-09-22 22:47:38,0.020854460075497627
2026-09-22 22:49:44,0.020938594825565815
