,shannon,simpson,observed_otus,sleep_efficiency,sleep_duration_hours
sample_001,1.3862943611198906,0.75,4,0.85,7.2
sample_002,1.3862943611198906,0.75,4,0.78,6.5
sample_003,1.3862943611198906,0.75,4,0.92,8.1
sample_005,1.3862943611198906,0.75,4,0.88,7.8
sample_006,1.3862943611198906,0.75,4,0.72,6.2
sample_007,1.3862943611198906,0.75,4,0.81,7.0
sample_009,1.3862943611198906,0.75,4,0.83,7.5
sample_010,1.3862943611198906,0.75,4,0.76,6.8
sample_011,1.3862943611198906,0.75,4,0.90,8.0
sample_013,1.3862943611198906,0.75,4,0.87,7.6
sample_014,1.3862943611198906,0.75,4,0.74,6.4
sample_015,1.3862943611198906,0.75,4,0.89,7.9
sample_017,1.3862943611198906,0.75,4,0.84,7.4
sample_018,1.3862943611198906,0.75,4,0.71,6.1
sample_019,1.3862943611198906,0.75,4,0.86,7.7
sample_020,1.3862943611198906,0.75,4,0.70,6.3