sample_id,otu_1,otu_2,otu_3,otu_4,sleep_efficiency,sleep_duration_hours,antibiotic_use_last_3m,age,gender
sample_001,1200,600,300,150,0.85,7.2,false,35,M
sample_002,800,400,200,100,0.78,6.5,false,42,F
sample_003,2000,1000,500,250,0.92,8.1,false,28,M
sample_004,500,250,125,62,0.65,5.8,true,55,F
sample_005,1500,750,375,187,0.88,7.8,false,31,M
sample_006,900,450,225,112,0.72,6.2,false,48,F
sample_007,1800,900,450,225,0.81,7.0,false,39,M
sample_008,600,300,150,75,0.69,6.0,true,62,F
sample_009,1100,550,275,137,0.83,7.5,false,33,M
sample_010,700,350,175,87,0.76,6.8,false,45,F
sample_011,1600,800,400,200,0.90,8.0,false,29,M
sample_012,400,200,100,50,0.62,5.5,true,58,F
sample_013,1300,650,325,162,0.87,7.6,false,36,M
sample_014,850,425,212,106,0.74,6.4,false,44,F
sample_015,1900,950,475,237,0.89,7.9,false,32,M
sample_016,550,275,137,68,0.67,5.9,true,60,F
sample_017,1400,700,350,175,0.84,7.4,false,37,M
sample_018,750,375,187,93,0.71,6.1,false,49,F
sample_019,1700,850,425,212,0.86,7.7,false,30,M
sample_020,650,325,162,81,0.70,6.3,false,46,F
