pr_id,repo_name,lines_changed,turnaround_hours,classification
PR-12345,repo-alpha,15,12.50,non-AI
PR-67890,repo-beta,8,4.20,non-AI
PR-11223,repo-gamma,120,24.00,non-AI
PR-44556,repo-delta,5,2.10,non-AI
PR-99887,repo-epsilon,200,48.50,non-AI
PR-22334,repo-alpha,45,15.30,non-AI
PR-55667,repo-beta,12,6.80,non-AI
PR-88990,repo-gamma,300,72.10,non-AI
PR-33445,repo-delta,2,1.50,non-AI
PR-66778,repo-epsilon,50,18.90,non-AI
PR-11224,repo-alpha,100,30.00,non-AI
PR-33446,repo-beta,80,22.50,non-AI
PR-55668,repo-gamma,25,8.40,non-AI
PR-77889,repo-delta,150,35.20,non-AI
PR-99001,repo-epsilon,10,5.60,non-AI
PR-12346,repo-alpha,20,10.10,non-AI
PR-34567,repo-beta,60,19.50,non-AI
PR-56789,repo-gamma,40,14.20,non-AI
PR-78901,repo-delta,30,11.80,non-AI
PR-90123,repo-epsilon,250,60.00,non-AI
PR-23456,repo-alpha,5,3.00,non-AI
PR-45678,repo-beta,90,28.00,non-AI
PR-67891,repo-gamma,15,7.50,non-AI
PR-89012,repo-delta,180,40.00,non-AI
PR-01234,repo-epsilon,20,9.00,non-AI
PR-13579,repo-alpha,110,32.00,non-AI
PR-24680,repo-beta,35,13.00,non-AI
PR-35791,repo-gamma,220,55.00,non-AI
PR-46802,repo-delta,12,5.50,non-AI
PR-57913,repo-epsilon,75,21.00,non-AI
PR-68024,repo-alpha,60,17.50,non-AI
PR-79135,repo-beta,95,29.00,non-AI
PR-80246,repo-gamma,45,16.00,non-AI
PR-91357,repo-delta,140,38.00,non-AI
PR-02468,repo-epsilon,25,10.50,non-AI
PR-13570,repo-alpha,30,12.00,non-AI
PR-24681,repo-beta,55,18.00,non-AI
PR-35792,repo-gamma,190,45.00,non-AI
PR-46803,repo-delta,8,4.00,non-AI
PR-57914,repo-epsilon,130,34.00,non-AI
PR-68025,repo-alpha,70,20.00,non-AI
PR-79136,repo-beta,105,31.00,non-AI
PR-80247,repo-gamma,65,20.50,non-AI
PR-91358,repo-delta,210,52.00,non-AI
PR-02469,repo-epsilon,18,8.50,non-AI
PR-13571,repo-alpha,90,27.00,non-AI
PR-24682,repo-beta,40,15.00,non-AI
PR-35793,repo-gamma,280,65.00,non-AI
PR-46804,repo-delta,10,4.50,non-AI
PR-57915,repo-epsilon,160,42.00,non-AI