participant_id,channel,pre_lzc,post_lzc,complexity_delta,fatigue_delta
001,A1,0.72,0.75,0.03,1.2
001,A2,0.71,0.74,0.03,1.2
002,A1,0.68,0.70,0.02,0.8
002,A2,0.69,0.71,0.02,0.8
003,A1,0.75,0.78,0.03,1.5
003,A2,0.74,0.77,0.03,1.5
004,A1,0.65,0.68,0.03,0.5
004,A2,0.66,0.69,0.03,0.5
005,A1,0.70,0.73,0.03,1.0
005,A2,0.71,0.74,0.03,1.0
006,A1,0.73,0.76,0.03,1.3
006,A2,0.72,0.75,0.03,1.3
007,A1,0.69,0.71,0.02,0.9
007,A2,0.70,0.72,0.02,0.9
008,A1,0.74,0.77,0.03,1.4
008,A2,0.73,0.76,0.03,1.4
009,A1,0.67,0.69,0.02,0.7
009,A2,0.68,0.70,0.02,0.7
010,A1,0.71,0.74,0.03,1.1
010,A2,0.72,0.75,0.03,1.1
011,A1,0.76,0.79,0.03,1.6
011,A2,0.75,0.78,0.03,1.6
012,A1,0.64,0.66,0.02,0.4
012,A2,0.65,0.67,0.02,0.4
013,A1,0.72,0.75,0.03,1.2
013,A2,0.71,0.74,0.03,1.2
014,A1,0.68,0.70,0.02,0.8
014,A2,0.69,0.71,0.02,0.8
015,A1,0.75,0.78,0.03,1.5
015,A2,0.74,0.77,0.03,1.5
016,A1,0.65,0.68,0.03,0.5
016,A2,0.66,0.69,0.03,0.5
017,A1,0.70,0.73,0.03,1.0
017,A2,0.71,0.74,0.03,1.0
018,A1,0.73,0.76,0.03,1.3
018,A2,0.72,0.75,0.03,1.3
019,A1,0.69,0.71,0.02,0.9
019,A2,0.70,0.72,0.02,0.9
020,A1,0.74,0.77,0.03,1.4
020,A2,0.73,0.76,0.03,1.4
021,A1,0.67,0.69,0.02,0.7
021,A2,0.68,0.70,0.02,0.7
022,A1,0.71,0.74,0.03,1.1
022,A2,0.72,0.75,0.03,1.1
023,A1,0.76,0.79,0.03,1.6
023,A2,0.75,0.78,0.03,1.6
024,A1,0.64,0.66,0.02,0.4
024,A2,0.65,0.67,0.02,0.4
025,A1,0.72,0.75,0.03,1.2
025,A2,0.71,0.74,0.03,1.2
026,A1,0.68,0.70,0.02,0.8
026,A2,0.69,0.71,0.02,0.8
027,A1,0.75,0.78,0.03,1.5
027,A2,0.74,0.77,0.03,1.5
028,A1,0.65,0.68,0.03,0.5
028,A2,0.66,0.69,0.03,0.5
029,A1,0.70,0.73,0.03,1.0
029,A2,0.71,0.74,0.03,1.0
030,A1,0.73,0.76,0.03,1.3
030,A2,0.72,0.75,0.03,1.3
031,A1,0.69,0.71,0.02,0.9
031,A2,0.70,0.72,0.02,0.9
032,A1,0.74,0.77,0.03,1.4
032,A2,0.73,0.76,0.03,1.4
033,A1,0.67,0.69,0.02,0.7
033,A2,0.68,0.70,0.02,0.7
034,A1,0.71,0.74,0.03,1.1
034,A2,0.72,0.75,0.03,1.1
035,A1,0.76,0.79,0.03,1.6
035,A2,0.75,0.78,0.03,1.6
